{
    "name": "piantor",
    "lighting": "none",
    "matrix": {
        "rows": 8,
        "cols": 6
    },
    "layouts": {
        "keymap": [
            [
                {
                    "x": 2
                },
                "0,3",
                {
                    "x": 7.5
                },
                "4,2"
            ],
            [
                {
                    "y": -0.75,
                    "x": 1
                },
                "0,2",
                {
                    "x": 1
                },
                "0,4",
                {
                    "x": 5.5
                },
                "4,1",
                {
                    "x": 1
                },
                "4,3"
            ],
            [
                {
                    "y": -0.9,
                    "x": 4
                },
                "0,5",
                {
                    "x": 3.5
                },
                "4,0"
            ],
            [
                {
                    "y": -0.3500000000000001
                },
                "0,1",
                {
                    "x": 1
                },
                "1,3",
                {
                    "x": 7.5
                },
                "5,2",
                {
                    "x": 1
                },
                "4,4"
            ],
            [
                {
                    "y": -0.75,
                    "x": 1
                },
                "1,2",
                {
                    "x": 1
                },
                "1,4",
                {
                    "x": 5.5
                },
                "5,1",
                {
                    "x": 1
                },
                "5,3"
            ],
            [
                {
                    "y": -0.8999999999999999,
                    "x": 4
                },
                "1,5",
                {
                    "x": 3.5
                },
                "5,0"
            ],
            [
                {
                    "y": -0.3500000000000001
                },
                "1,1",
                {
                    "x": 1
                },
                "2,3",
                {
                    "x": 7.5
                },
                "6,2",
                {
                    "x": 1
                },
                "5,4"
            ],
            [
                {
                    "y": -0.75,
                    "x": 1
                },
                "2,2",
                {
                    "x": 1
                },
                "2,4",
                {
                    "x": 5.5
                },
                "6,1",
                {
                    "x": 1
                },
                "6,3"
            ],
            [
                {
                    "y": -0.8999999999999999,
                    "x": 4
                },
                "2,5",
                {
                    "x": 3.5
                },
                "6,0"
            ],
            [
                {
                    "y": -0.3500000000000001
                },
                "2,1",
                {
                    "x": 11.5
                },
                "6,4"
            ],
            [
                {
                    "r": 5,
                    "rx": 5,
                    "ry": 3.5,
                    "x": -0.9000000000000004
                },
                "3,1"
            ],
            [
                {
                    "rx": 9.75
                },
                "7,2"
            ],
            [
                {
                    "r": 15,
                    "rx": 6.5,
                    "y": 0.20000000000000018,
                    "x": -1.0499999999999998
                },
                "3,2"
            ],
            [
                {
                    "r": -15,
                    "rx": 7.25,
                    "y": 0.3900000000000001,
                    "x": -0.15000000000000036
                },
                "7,0"
            ],
            [
                {
                    "r": -5,
                    "rx": 3.6,
                    "y": 0.10000000000000009,
                    "x": -0.8000000000000003
                },
                "3,0"
            ],
            [
                {
                    "rx": 8.5,
                    "y": 0.10000000000000009,
                    "x": -0.05000000000000071
                },
                "7,1"
            ]
        ]
    }
}
